Workbook

Sheet Precheck
A1: Area | B1: Check | C1: Result (PASS/FAIL/NA) | D1: Severity (1-5) | E1: Owner | F1: Evidence/Notes
A2: Tampering | B2: No edits/reservations on specs/BOQ unless explicitly allowed | D2: 5
A3: Bid Bond | B3: Bid bond provided, correct value/format/validity | D3: 5
A4: Bid Bond | B4: Bid bond placed in correct file/package per instructions | D4: 4
A5: Mandatory Docs | B5: All mandatory certificates provided and valid (not expired) | D5: 5
A6: Mandatory Docs | B6: Cover letter included and signed/stamped | D6: 5
A7: Validity | B7: Offer validity period matches tender requirement | D7: 4
A8: Samples/Site Visit | B8: Samples/site visit proof provided if required | D8: 4
A9: Pricing | B9: Arithmetic checks completed; errors within allowed threshold | D9: 5
A10: Pricing | B10: No unpriced items; unit rates studied & realistic | D10: 4
A11: Pricing | B11: Abnormally low bid justification ready if needed | D11: 3
A12: Local Content | B12: Local content % stated and meets minimum baseline (if required) | D12: 4
A13: Packaging | B13: File naming, indexing, page numbering, attachments checklist complete | D13: 4
A14: Submission | B14: Submission log prepared; upload/test run completed | D14: 3

Sheet Heatmap
A1: Area | B1: Total Checks | C1: FAIL Count | D1: FAIL Severity Sum | E1: Risk Score (0-100) | F1: Risk Level
A2: Bid Bond | B2: =COUNTIF(Precheck!A:A,A2) | C2: =COUNTIFS(Precheck!A:A,A2,Precheck!C:C,"FAIL") | D2: =SUMIFS(Precheck!D:D,Precheck!A:A,A2,Precheck!C:C,"FAIL") | E2: =IF(B2=0,0,ROUND((D2/(B2*5))*100,0)) | F2: =IF(E2>=40,"RED",IF(E2>=15,"AMBER","GREEN"))
A3: Local Content | B3: =COUNTIF(Precheck!A:A,A3) | C3: =COUNTIFS(Precheck!A:A,A3,Precheck!C:C,"FAIL") | D3: =SUMIFS(Precheck!D:D,Precheck!A:A,A3,Precheck!C:C,"FAIL") | E3: =IF(B3=0,0,ROUND((D3/(B3*5))*100,0)) | F3: =IF(E3>=40,"RED",IF(E3>=15,"AMBER","GREEN"))
A4: Mandatory Docs | B4: =COUNTIF(Precheck!A:A,A4) | C4: =COUNTIFS(Precheck!A:A,A4,Precheck!C:C,"FAIL") | D4: =SUMIFS(Precheck!D:D,Precheck!A:A,A4,Precheck!C:C,"FAIL") | E4: =IF(B4=0,0,ROUND((D4/(B4*5))*100,0)) | F4: =IF(E4>=40,"RED",IF(E4>=15,"AMBER","GREEN"))
A5: Packaging | B5: =COUNTIF(Precheck!A:A,A5) | C5: =COUNTIFS(Precheck!A:A,A5,Precheck!C:C,"FAIL") | D5: =SUMIFS(Precheck!D:D,Precheck!A:A,A5,Precheck!C:C,"FAIL") | E5: =IF(B5=0,0,ROUND((D5/(B5*5))*100,0)) | F5: =IF(E5>=40,"RED",IF(E5>=15,"AMBER","GREEN"))
A6: Pricing | B6: =COUNTIF(Precheck!A:A,A6) | C6: =COUNTIFS(Precheck!A:A,A6,Precheck!C:C,"FAIL") | D6: =SUMIFS(Precheck!D:D,Precheck!A:A,A6,Precheck!C:C,"FAIL") | E6: =IF(B6=0,0,ROUND((D6/(B6*5))*100,0)) | F6: =IF(E6>=40,"RED",IF(E6>=15,"AMBER","GREEN"))
A7: Samples/Site Visit | B7: =COUNTIF(Precheck!A:A,A7) | C7: =COUNTIFS(Precheck!A:A,A7,Precheck!C:C,"FAIL") | D7: =SUMIFS(Precheck!D:D,Precheck!A:A,A7,Precheck!C:C,"FAIL") | E7: =IF(B7=0,0,ROUND((D7/(B7*5))*100,0)) | F7: =IF(E7>=40,"RED",IF(E7>=15,"AMBER","GREEN"))
A8: Submission | B8: =COUNTIF(Precheck!A:A,A8) | C8: =COUNTIFS(Precheck!A:A,A8,Precheck!C:C,"FAIL") | D8: =SUMIFS(Precheck!D:D,Precheck!A:A,A8,Precheck!C:C,"FAIL") | E8: =IF(B8=0,0,ROUND((D8/(B8*5))*100,0)) | F8: =IF(E8>=40,"RED",IF(E8>=15,"AMBER","GREEN"))
A9: Tampering | B9: =COUNTIF(Precheck!A:A,A9) | C9: =COUNTIFS(Precheck!A:A,A9,Precheck!C:C,"FAIL") | D9: =SUMIFS(Precheck!D:D,Precheck!A:A,A9,Precheck!C:C,"FAIL") | E9: =IF(B9=0,0,ROUND((D9/(B9*5))*100,0)) | F9: =IF(E9>=40,"RED",IF(E9>=15,"AMBER","GREEN"))
A10: Validity | B10: =COUNTIF(Precheck!A:A,A10) | C10: =COUNTIFS(Precheck!A:A,A10,Precheck!C:C,"FAIL") | D10: =SUMIFS(Precheck!D:D,Precheck!A:A,A10,Precheck!C:C,"FAIL") | E10: =IF(B10=0,0,ROUND((D10/(B10*5))*100,0)) | F10: =IF(E10>=40,"RED",IF(E10>=15,"AMBER","GREEN"))
A12: OVERALL | B12: =SUM(B2:B10) | C12: =SUM(C2:C10) | D12: =SUM(D2:D10) | E12: =IF(B12=0,0,ROUND((D12/(B12*5))*100,0)) | F12: =IF(E12>=40,"RED",IF(E12>=15,"AMBER","GREEN"))

Sheet Action Rules
A1: Risk Level | B1: Meaning | C1: Immediate action
A2: GREEN | B2: No major DQ risks detected in this area. | C2: Proceed; keep evidence links updated.
A3: AMBER | B3: Some risks exist; could cause rejection or scoring loss. | C3: Fix within 48–72 hours; assign owner; attach evidence.
A4: RED | B4: High probability of disqualification if submitted without fixes. | C4: STOP submission. Resolve FAIL items; re-run precheck; get sign-off.
